-- phpMyAdmin SQL Dump
-- version 5.1.1
-- https://www.phpmyadmin.net/
--
-- Host: 127.0.0.1
-- Generation Time: Mar 09, 2022 at 01:23 PM
-- Server version: 10.4.22-MariaDB
-- PHP Version: 7.4.27

SET SQL_MODE = "NO_AUTO_VALUE_ON_ZERO";
START TRANSACTION;
SET time_zone = "+00:00";


/*!40101 SET @OLD_CHARACTER_SET_CLIENT=@@CHARACTER_SET_CLIENT */;
/*!40101 SET @OLD_CHARACTER_SET_RESULTS=@@CHARACTER_SET_RESULTS */;
/*!40101 SET @OLD_COLLATION_CONNECTION=@@COLLATION_CONNECTION */;
/*!40101 SET NAMES utf8mb4 */;

--
-- Database: `pess_db`
--

-- --------------------------------------------------------

--
-- Table structure for table `dispatch`
--

CREATE TABLE `dispatch` (
  `incident_id` int(11) NOT NULL,
  `patrolcar_id` varchar(10) NOT NULL,
  `time_dispatched` datetime NOT NULL,
  `time_arrived` datetime DEFAULT NULL,
  `time_completed` datetime DEFAULT NULL
) ENGINE=InnoDB DEFAULT CHARSET=latin1;

--
-- Dumping data for table `dispatch`
--

INSERT INTO `dispatch` (`incident_id`, `patrolcar_id`, `time_dispatched`, `time_arrived`, `time_completed`) VALUES
(15, 'QX1123V', '2021-02-04 23:16:28', '2021-02-06 00:31:58', NULL),
(21, 'QX233A', '2021-02-04 23:23:14', '2021-02-06 00:55:43', '2021-02-06 00:56:22'),
(91, 'QX1123V', '2022-03-08 19:11:59', '2022-03-09 18:25:02', NULL),
(92, 'QX222B', '2022-03-08 19:24:11', '2022-03-09 18:28:49', '2022-03-09 19:10:08'),
(93, 'QX233A', '2022-03-08 19:32:38', '2022-03-09 19:13:20', '2022-03-09 19:14:00');

-- --------------------------------------------------------

--
-- Table structure for table `incident`
--

CREATE TABLE `incident` (
  `incident_id` int(11) NOT NULL,
  `caller_name` varchar(30) NOT NULL,
  `phone_number` varchar(10) NOT NULL,
  `incident_type_id` varchar(3) NOT NULL,
  `incident_location` varchar(50) NOT NULL,
  `incident_desc` varchar(100) NOT NULL,
  `incident_status_id` varchar(1) NOT NULL,
  `time_called` datetime NOT NULL
) ENGINE=InnoDB DEFAULT CHARSET=latin1;

--
-- Dumping data for table `incident`
--

INSERT INTO `incident` (`incident_id`, `caller_name`, `phone_number`, `incident_type_id`, `incident_location`, `incident_desc`, `incident_status_id`, `time_called`) VALUES
(15, 'David', '91234566', '010', 'CCK', 'Fire at CCK', '1', '2021-02-04 17:52:56'),
(16, 'David', '91234553', '010', 'Jurong', 'Fire at Jurong', '1', '2021-02-04 18:03:25'),
(17, 'James', '8123456', '010', 'BPP', 'Fire at BPP', '1', '2021-02-04 18:08:09'),
(18, 'James', '9123453', '030', 'Hougang', 'Thief at Shopping Mall', '2', '2021-02-04 23:06:22'),
(19, 'Glenn', '91234433', '050', 'Yew Tee', 'Tree fallen.', '2', '2021-02-04 23:13:04'),
(20, 'Thomas', '81231242', '070', 'Tampines', 'Painting outside house', '3', '2021-02-04 23:20:52'),
(21, 'Fanny', '8123456', '080', 'Pasir Ris', 'Flooding', '3', '2021-02-04 23:23:14'),
(23, 'aa', 'dd', '020', 'cc', 'dd', '1', '2021-03-01 11:03:03'),
(24, 'aa', 'dd', '020', 'cc', 'dd', '1', '2021-03-01 11:11:31'),
(26, 'aaa', '123', '010', 'ddd', 'aaa', '1', '2021-03-23 00:00:00'),
(27, 'Iverson', '91234567', '020', 'Jurong', 'Testing', '1', '2022-02-08 13:47:35'),
(32, 'Julian', '91234', '050', 'Jurong', 'Testing', '1', '2022-02-08 15:15:27'),
(33, 'David Lim', '912345', '010', 'Jurong', 'testing', '2', '2022-02-24 12:52:13'),
(34, 'David Lim', '9123456', '010', 'Jurong', 'testing', '2', '2022-02-24 13:12:16'),
(51, 'David', '91234553', '010', ' Jurong', 'Fire at Jurong', '1', '2022-03-05 16:35:43'),
(81, 'James', '8123456', '010', ' BPP', 'Fire at BPP', '1', '2022-03-08 14:52:26'),
(84, 'James', '8123456', '010', '	BPP', 'Fire at BPP', '1', '2022-03-08 15:01:25'),
(85, 'James', '8123456', '010', '	BPP', 'Fire at BPP', '1', '2022-03-08 15:02:43'),
(86, 'David', '91234553', '010', '	Jurong', 'Fire at Jurong', '1', '2022-03-08 15:03:39'),
(87, 'James', '8123456', '010', '	BPP', 'Fire at BPP', '1', '2022-03-08 15:05:37'),
(88, 'James', '8123456', '010', '	BPP', 'Fire at BPP', '1', '2022-03-08 18:10:40'),
(89, 'David', '9123453', '030', '	Hougang', 'Thief at Shopping Mall', '2', '2022-03-08 18:36:08'),
(90, 'Glenn', '91234433', '050', '	Yew Tee', 'Tree fallen.', '2', '2022-03-08 18:57:03'),
(91, 'David', '91234566', '010', '	CCK', 'Fire at CCK', '1', '2022-03-08 19:11:41'),
(92, 'Thomas', '81231242', '070', '	Tampines', 'Painting outside House', '3', '2022-03-08 19:24:11'),
(93, 'Fanny', '8123456', '080', '	Pasir Ris', 'Flooding', '3', '2022-03-08 19:32:38');

-- --------------------------------------------------------

--
-- Table structure for table `incident_status`
--

CREATE TABLE `incident_status` (
  `incident_status_id` varchar(1) NOT NULL,
  `incident_status_desc` varchar(20) NOT NULL
) ENGINE=InnoDB DEFAULT CHARSET=latin1;

--
-- Dumping data for table `incident_status`
--

INSERT INTO `incident_status` (`incident_status_id`, `incident_status_desc`) VALUES
('1', 'Pending'),
('2', 'Dispatched'),
('3', 'Completed');

-- --------------------------------------------------------

--
-- Table structure for table `incident_type`
--

CREATE TABLE `incident_type` (
  `incident_type_id` varchar(3) NOT NULL,
  `incident_type_desc` varchar(20) NOT NULL
) ENGINE=InnoDB DEFAULT CHARSET=latin1;

--
-- Dumping data for table `incident_type`
--

INSERT INTO `incident_type` (`incident_type_id`, `incident_type_desc`) VALUES
('010', 'Fire'),
('020', 'Riot'),
('030', 'Burglary'),
('040', 'Domestic Violent'),
('050', 'Fallen Tree'),
('060', 'Traffic Accident'),
('070', 'Loan Shark'),
('080', 'Others');

-- --------------------------------------------------------

--
-- Table structure for table `patrolcar`
--

CREATE TABLE `patrolcar` (
  `patrolcar_id` varchar(10) NOT NULL,
  `patrolcar_status_id` varchar(1) NOT NULL
) ENGINE=InnoDB DEFAULT CHARSET=latin1;

--
-- Dumping data for table `patrolcar`
--

INSERT INTO `patrolcar` (`patrolcar_id`, `patrolcar_status_id`) VALUES
('QX1123V', '1'),
('QX1111A', '3'),
('QX222B', '3'),
('QX233A', '3'),
('QX3334E', '3'),
('QX5521W', '3'),
('QX555T', '3'),
('QX7774', '3'),
('QX8885', '3'),
('QX999E', '3');

-- --------------------------------------------------------

--
-- Table structure for table `patrolcar_status`
--

CREATE TABLE `patrolcar_status` (
  `patrolcar_status_id` varchar(1) NOT NULL,
  `patrolcar_status_desc` varchar(20) NOT NULL
) ENGINE=InnoDB DEFAULT CHARSET=latin1;

--
-- Dumping data for table `patrolcar_status`
--

INSERT INTO `patrolcar_status` (`patrolcar_status_id`, `patrolcar_status_desc`) VALUES
('4', 'Arrived'),
('1', 'Dispatched'),
('3', 'Free'),
('2', 'Patrol');

--
-- Indexes for dumped tables
--

--
-- Indexes for table `dispatch`
--
ALTER TABLE `dispatch`
  ADD PRIMARY KEY (`incident_id`,`patrolcar_id`),
  ADD KEY `patrolcar_id` (`patrolcar_id`);

--
-- Indexes for table `incident`
--
ALTER TABLE `incident`
  ADD PRIMARY KEY (`incident_id`),
  ADD KEY `incident_type_id` (`incident_type_id`),
  ADD KEY `incident_type_id_2` (`incident_type_id`,`incident_status_id`),
  ADD KEY `incident_type_id_3` (`incident_type_id`,`incident_status_id`),
  ADD KEY `incident_status_id` (`incident_status_id`);

--
-- Indexes for table `incident_status`
--
ALTER TABLE `incident_status`
  ADD PRIMARY KEY (`incident_status_id`);

--
-- Indexes for table `incident_type`
--
ALTER TABLE `incident_type`
  ADD PRIMARY KEY (`incident_type_id`);

--
-- Indexes for table `patrolcar`
--
ALTER TABLE `patrolcar`
  ADD PRIMARY KEY (`patrolcar_id`),
  ADD KEY `patrolcar_status_id` (`patrolcar_status_id`),
  ADD KEY `patrolcar_status_id_2` (`patrolcar_status_id`);

--
-- Indexes for table `patrolcar_status`
--
ALTER TABLE `patrolcar_status`
  ADD PRIMARY KEY (`patrolcar_status_id`),
  ADD KEY `patrolcar_status_desc` (`patrolcar_status_desc`),
  ADD KEY `patrolcar_status_desc_2` (`patrolcar_status_desc`);

--
-- AUTO_INCREMENT for dumped tables
--

--
-- AUTO_INCREMENT for table `incident`
--
ALTER TABLE `incident`
  MODIFY `incident_id` int(11) NOT NULL AUTO_INCREMENT, AUTO_INCREMENT=94;

--
-- Constraints for dumped tables
--

--
-- Constraints for table `dispatch`
--
ALTER TABLE `dispatch`
  ADD CONSTRAINT `dispatch_ibfk_1` FOREIGN KEY (`patrolcar_id`) REFERENCES `patrolcar` (`patrolcar_id`),
  ADD CONSTRAINT `dispatch_ibfk_2` FOREIGN KEY (`incident_id`) REFERENCES `incident` (`incident_id`);

--
-- Constraints for table `incident`
--
ALTER TABLE `incident`
  ADD CONSTRAINT `incident_ibfk_1` FOREIGN KEY (`incident_type_id`) REFERENCES `incident_type` (`incident_type_id`),
  ADD CONSTRAINT `incident_ibfk_2` FOREIGN KEY (`incident_status_id`) REFERENCES `incident_status` (`incident_status_id`);

--
-- Constraints for table `patrolcar`
--
ALTER TABLE `patrolcar`
  ADD CONSTRAINT `patrolcar_ibfk_1` FOREIGN KEY (`patrolcar_status_id`) REFERENCES `patrolcar_status` (`patrolcar_status_id`);
COMMIT;

/*!40101 SET CHARACTER_SET_CLIENT=@OLD_CHARACTER_SET_CLIENT */;
/*!40101 SET CHARACTER_SET_RESULTS=@OLD_CHARACTER_SET_RESULTS */;
/*!40101 SET COLLATION_CONNECTION=@OLD_COLLATION_CONNECTION */;
